{
    "RMSE": 2.0297014617193283,
    "MSE": 4.119688023705577,
    "R2 score": 0.6139708704591407,
    "importance_scores": {
        "dataset": 0.7813436511830191,
        "dataset & pipeline": 0.6963775468103268,
        "pipeline": 0.6105601284641267,
        "train_size": 0.5299368367002887,
        "dataset & train_size": 0.4355594626844219,
        "QS": 0.40242713595487295,
        "QS & pipeline": 0.3861362540631205,
        "pipeline & train_size": 0.32099615603986303,
        "dataset & QS": 0.24091045575786596,
        "bs": 0.0068517292302999935
    }
}