test_name,friedman_stat,pval,kendall_w
pipeline,876.1432653061202,5.39448855608651e-186,0.24816728863794849
QS,595.7402063585278,8.449938646425539e-129,0.3480712750026601
