test_name,friedman_stat,pval
pipeline,876.1432653061202,5.39448855608651e-186
QS,595.7402063585278,8.449938646425539e-129
